scenario,attr1,attr2,attr3,attr4,attr5
loose_leaf_tea,-100,95,72,-67,-1
cutting_board,-11,32,61,-86,-100
knee_pads,67,-14,53,-100,-11
ice_cream,47,-58,95,86,-100
painters_tape,-100,9,93,-25,-60
olive_pitter,-17,-100,-59,-13,-1
wood_burner,-95,-96,-100,-14,-75
hotel,-100,71,12,30,-66
hot_glue_sticks,100,73,-77,-34,45
scrunchie,48,100,-18,76,39
rfid_wallet,-51,23,100,91,1
blush,19,-100,-55,64,-18
cocktail_kit,-100,15,62,53,-38
security_camera,-22,3,100,8,-38
shuffleboard_table,-2,-97,-94,42,100
reusable_bag,19,-22,-68,0,100
luggage_tag,75,11,100,-74,4
inversion_table,100,17,-9,-51,11
shower_curtain,92,-100,57,65,78
milk_storage_bags,78,100,6,20,-24
nail_file,-100,83,16,-68,1
pasta_maker,-10,-93,-100,25,80
washing_machine,24,-9,-100,-57,-68
easel,23,100,83,82,88
salmon,-51,71,36,-86,-100
magnetic_calendar,-100,53,-52,-80,26
ham,-36,-100,-79,6,-77
snow_blower,-100,93,-20,-78,-12
ecg_monitor,-100,-24,-17,-65,-82
dslr_camera,100,3,-73,26,79
convertible,-99,-100,-73,45,-70
washi_tape,43,37,9,-59,100
dry_bag,100,6,-93,50,-35
hair_dryer,17,-41,30,-100,-46
balance_board,100,80,-41,77,-41
hoodie,89,50,-17,-50,-100
loan,82,-100,69,100,15
mold_test,-69,78,100,43,2
boxing_gloves,-41,-52,-100,59,-23
citrus_juicer,-77,-100,42,-52,0
stopwatch,-36,77,83,-100,-62
fins,-35,100,58,-33,-59
lip_scrub,40,78,100,-36,88
hoe,39,-3,100,-55,46
pilates_ring,-100,-80,99,-69,62
oven,29,100,-39,-47,-61
sparkling_water,81,23,100,85,-80
gas_can,11,-86,-100,-93,79
golf_cart,88,100,-48,35,86
tongs,-29,17,-66,-100,-56
sippy_cup,92,15,100,-10,-52
windshield_cover,59,67,-100,35,-84
console,-79,79,-94,-53,100
stapler,-21,-100,-87,-67,63
jewelry_kit,-84,87,-26,100,87
antenna,-52,-62,-6,-100,38
house,-94,-100,99,-42,20
electric_grill,-11,-40,-93,88,100
tea,98,-81,-59,25,100
lint_roller,18,78,67,-100,17
diaper_bag,-40,-52,-87,-45,100
sponges,-12,34,33,100,-25
popcorn,-49,-44,-47,88,100
recliner,-100,-84,22,40,49
arrows,-53,-100,-53,-89,11
pattern_weights,-100,-99,32,-49,68
wheelbarrow,-2,100,-95,0,81
soil,-87,93,-67,57,100
sleeping_bag,77,-43,-94,3,100
paper_towel,-44,84,-77,88,-100
outdoor_tv_cover,-45,99,75,100,84
tamper,72,55,-94,-20,-100
garment_steamer,46,36,-53,-94,100
alcohol_markers,88,14,12,100,-13
rabbit,-22,-34,-51,-100,31
bracelet,-19,16,-100,-33,-83
adapter,-100,-64,88,-27,-26
night_light,23,-54,-100,6,0
travel_wallet,57,-24,71,88,-100
central_vacuum,-2,-8,-100,-32,22
microwave_cover,90,92,-50,32,-100
porch_swing,-100,3,88,-79,62
stability_ball,100,-49,50,91,-34
ink_cartridge,51,60,24,90,100
wood_glue,100,15,-70,-54,-61
sleep_sack,16,58,-100,41,48
mixer,-33,3,-73,50,-100
dominoes,100,64,27,-48,86
crochet_hook,100,-79,60,74,35
sawhorse,43,-12,90,100,-25
stockings,81,-18,-90,-47,-100
fabric_markers,89,100,-83,22,-20
cherry_pitter,-77,-41,-51,50,-100
amusement_park,-65,-13,-100,27,22
snow_brush,100,-87,-64,13,-68
safety_pins,28,-81,59,94,100
sewing_machine,100,10,-2,75,57
pressure_cooker,18,-30,-55,-100,78
necklace_stand,-82,53,10,100,56
soccer_ball,100,-77,0,15,-40
cake_pan,1,-29,6,-100,-12
pin_cushion,-18,-69,-36,100,65
sugar_bowl,-2,30,-25,-60,-100
microwave,-58,26,100,86,3
water_heater,100,-8,69,-19,50
wallpaper,100,-40,-68,25,6
flip_flops,-28,-100,-22,-15,-19
paint,91,21,59,100,63
chair,-3,100,57,61,53
grill_brush,-21,30,31,100,65
disc_drive,100,77,91,30,-43
high_chair,-63,56,100,12,-93
game_mat,73,-3,-7,-100,2
museum,51,-16,-30,33,-100
tennis_racquet,2,100,43,-22,42
terrarium,27,-75,-76,100,-60
hammock_stand,-100,78,5,-31,3
electric_kettle,71,-100,46,64,95
steam_mop,-70,33,-82,19,-100
faucet,62,79,-37,-60,100
gold_necklace,44,73,-100,85,26
bocce_set,-59,-22,84,92,-100
panini_press,27,-71,100,-12,87
rolling_pin,63,29,-66,7,-100
cpu_cooler,-100,60,-38,69,-72
model_scenery,55,56,-49,-100,-26
soda_siphon,-2,-90,-70,-100,22
loveseat,84,-61,-100,44,68
egg_carton,100,24,-34,73,-82
receiving_blanket,48,-100,-25,-1,-30
candlestick_holder,-100,-81,97,-11,24
radon_test,-70,52,-41,23,100
wheelchair,100,-92,60,72,-36
pizza_cutter,-28,19,100,-24,91
leather_dye,53,-72,85,-100,-73
voip_phone,37,-100,-27,-84,-8
displayport_cable,73,87,-100,-95,73
stool,-97,-48,-81,-87,-100
croquet_set,40,71,54,100,47
water_purifier,-23,28,100,30,-55
bias_tape_maker,-100,99,21,-34,24
embroidery_floss,14,5,-100,-33,-20
sweater,-79,100,-20,43,56
sculpture,51,46,53,-52,100
air_freshener,-78,94,79,79,-100
loafers,-84,65,-6,-27,100
reading_magnifier,-100,7,-12,-81,-23
beads,44,80,-100,5,-86
fax_machine,64,-89,-100,-25,50
blanket,-50,-100,80,83,96
sheets,-77,-30,-100,22,-67
hammock,-35,62,100,18,-87
card_sleeves,31,-11,100,45,69
diamond_earrings,51,9,100,84,-53
clay,-85,-32,5,-100,-38
roasting_pan,16,-100,69,33,-41
keyboard,-81,-59,-70,100,0
hair_extensions,6,-85,100,-42,-42
envelope,-90,100,-4,86,89
laptop_sleeve,100,67,91,90,64
3d_printer,-74,5,15,100,58
egg_separator,46,56,-31,100,32
cereal,-20,-7,100,7,-69
wind_turbine,-86,46,15,100,-78
ereader,-20,51,-100,-89,10
water,-60,-100,-61,34,7
plastic_wrap,-99,-100,82,34,-76
frying_pan,76,-100,-28,73,44
mod_podge,-55,100,25,93,100
smart_lock,-17,39,10,100,67
briefs,45,63,100,-49,-60
skincare_device,91,100,5,-5,-36
coloring_book,83,64,18,-100,76
treadmill,-8,-63,-41,39,-100
cabinet,-81,-42,82,52,100
lug_wrench,60,100,71,36,58
mechanical_keyboard,70,100,-20,29,-42
coffee_mug,-42,1,18,10,100
badge_maker,-68,28,100,48,13
suitcase,-30,-22,100,91,39
mobile,94,100,81,-27,-8
dish_towel,100,-43,84,-6,-55
pizza_peel,-9,-80,-30,-18,-100
mittens,-92,-67,100,25,-59
ice_tray,100,-49,3,48,38
aeropress,-24,100,-5,78,-3
milk,100,46,-87,-79,99
laser_cutter,-57,-100,-52,-4,95
account,-25,54,81,-100,27
minor,100,10,7,-31,90
batteries,100,-85,11,-17,37
cradle,-100,-62,-58,-5,77
cabin,87,69,43,-100,-27
all_in_one_printer,42,-51,2,100,-95
card_game,87,-97,-28,100,-74
cardigan,4,-17,79,100,-43
ear_drops,-2,100,11,-72,66
epsom_salt,-33,-3,-100,99,32
pizza,91,100,-50,9,-13
landscape_lighting,76,100,-79,-66,60
litter_box,-24,-100,-82,16,27
medical_alert_bracelet,100,7,24,-76,-19
chandelier,-77,68,-82,-100,-46
serving_tray,-8,-43,28,-84,100
sunshade,44,8,-100,-39,43
heated_jacket,37,80,100,-47,-2
scuba_tank,-41,-90,-87,-59,-100
chopsticks,14,74,23,67,-100
whipped_cream_dispenser,-61,14,78,-16,-100
dip,-100,-41,24,-87,-57
watercolor_paper,37,100,-33,21,4
rv,-100,-36,-76,-52,57
lightning_cable,39,-100,-92,49,-86
flyer,-39,-49,-96,-100,-77
condo,-23,100,32,-59,41
jigsaw_puzzle,-50,3,-40,100,-33
facial_hair_remover,82,38,93,29,100
parchment_paper,-53,100,67,15,36
bear_bag,9,-27,100,33,12
emergency_food,-100,2,-73,-64,-15
swim_cap,18,-100,-92,12,-11
stretcher_bars,-24,-100,-32,39,11
knife,10,73,48,39,-100
smoothie,-46,44,-83,100,-87
sneakers,100,-75,90,92,-43
gps,100,-88,90,-30,-16
egg_slicer,-100,26,-60,44,78
camping_stove,21,-100,92,85,29
blender,-31,16,100,-11,73
heated_blanket,23,-18,100,-21,24
speakers,-89,-6,-93,41,-100
mask,-100,-85,-79,2,-31
vacuum,-47,100,85,32,62
rotary_cutter,100,-80,96,-81,20
grill_cover,-34,-82,66,100,-45
wetsuit,77,-31,32,100,55
air_hockey_table,-100,-15,-28,-46,71
action_figures,-13,45,30,4,-100
projector_screen,44,100,-84,36,-3
cold_brew_maker,-33,44,99,-100,83
facial_toner,-29,83,-81,54,-100
kitchen_timer,-35,100,33,61,-8
pedometer,-9,-2,89,73,-100
ice_scraper,-14,10,17,100,80
silicone_mat,-74,-26,-83,-100,-90
bikini,-100,84,53,94,-67
credit_card,-72,98,68,93,-100
dna_test_kit,-25,32,57,100,9
down_jacket,-22,-100,61,97,82
dryer,37,-36,-60,63,100
waterproof_socks,100,-70,19,3,-16
cordless_phone,68,100,52,46,44
shaving_cream,40,10,-66,73,-100
car_jack,100,-79,42,98,-15
stylus,98,-53,-100,93,-39
yoga_mat,-46,-17,20,100,43
wedges,-100,19,-28,1,-45
tampon,-100,-31,-33,-90,95
hamster,-40,-100,19,99,81
slippers,34,65,-46,-100,-69
flashlight_app,-41,-60,-9,-95,-100
turkish_pot,-81,-100,99,12,-99
visor,-19,100,21,14,-29
skillet,-69,28,-96,65,-100
garlic_press,66,-32,49,25,-100
spice_jars,9,-100,-61,-28,-50
bagel,33,100,-29,70,-56
messenger_bag,51,-37,9,-100,80
reusable_filter,-94,-12,-68,100,30
baby_gate,26,58,-55,-100,74
lunch,-40,68,100,28,-87
pathway_lights,100,38,-72,-83,2
blood_pressure_monitor,-93,100,51,79,-29
gesso,85,-74,44,-49,-100
file_cabinet,-100,-79,69,-32,-5
car,27,-55,33,41,100
sewing_scissors,1,76,100,57,-17
pad,-57,-100,82,-92,15
lifebuoy,-10,-100,-63,71,8
wireless_mouse,93,89,-89,39,-100
video_game,-17,-13,100,21,-68
windbreaker,3,6,-80,-37,100
chips,100,58,-90,84,-9
solar_garden_lights,82,-79,-87,100,-53
rc_boat,-93,0,100,68,-21
hostel,100,60,69,30,-21
dice_tower,93,-7,100,12,94
toothpaste,-7,-21,25,-52,-100
hepa_filter,24,96,-61,100,79
quilting_needles,55,-17,100,58,15
usb_flash_drive,-80,15,-100,83,-34
stationary_bike,-96,37,100,60,-11
external_hard_drive,39,100,-15,0,89
portable_purifier,-100,-68,-35,-58,80
turkey,-90,-100,-47,2,82
inverter,100,71,22,-93,-88
painting,28,68,-50,100,11
clipper,17,27,-97,-76,100
magnetic_charging_cable,-56,-100,-52,54,-57
hiking_boots,-100,-77,-7,82,-69
mouth_guard,78,100,68,-89,-39
goggles,100,84,-86,-14,-32
nose_clip,53,-100,-39,53,82
matcha_powder,-100,19,36,81,-16
cup,100,-64,-81,-78,18
emergency_radio,-82,-50,-66,-96,100
contacts,-36,100,48,-60,93
reflective_triangle,-100,98,-95,-50,11
wakeboard,-100,54,-85,65,-95
splatter_screen,10,-100,-73,-3,-44
fog_light,-34,48,-96,-100,58
umbrella,-43,91,-15,-5,-100
camera,-100,-82,26,34,94
wine_glass,-16,49,-37,-100,-19
thermal_socks,45,67,100,73,14
chalkboard,28,1,-12,100,42
disposable_cups,100,-14,-8,93,49
cotton_swabs,8,21,100,35,-79
ice_cream_maker,-42,23,-100,-9,86
garden_swing,-63,-13,47,100,46
gym_bag,88,-81,-44,99,-100
robot_vacuum,58,-100,51,49,-39
tshirt,-100,-33,18,59,76
bench,-60,-86,-78,100,30
hand_crank_light,-81,42,100,23,-58
sewing_pins,100,43,-69,58,1
usb_splitter,36,-65,-100,-39,13
eye_mask,-9,84,-97,-69,100
motion_sensor_light,42,46,51,-100,-41
album,-59,-71,100,50,77
outdoor_ping_pong,-100,41,-39,0,35
batting,-100,-28,11,80,3
bronzer,-88,50,40,-100,23
rc_car,-46,-100,-39,-85,-2
jewelry_cleaner,0,76,51,51,100
security_floodlight,-59,-32,-68,-100,4
squat_rack,2,-77,88,100,-90
soap,-100,-88,47,71,-87
vest,-100,8,-34,-98,-100
bean_bag,-96,-100,-68,17,-83
solar_shower,-69,-75,100,-68,14
paternity_test,-10,-35,-19,-100,-65
watch_case,35,64,-69,-80,100
silver_necklace,-100,73,94,-88,83
engagement_ring,-77,-100,-47,-34,20
toe_warmers,-15,77,43,-100,-78
glucose_meter,54,-85,100,69,-62
kayak,-46,-53,-16,-54,-100
garden_hose,-66,-82,-40,-12,100
rollerblades,44,32,100,-31,-20
smoke_detector,-62,80,92,100,26
processor,-90,-100,70,90,8
headband,98,100,59,-30,-10
corn_stripper,-31,-22,-6,-100,-77
ski_boots,-89,18,100,57,-94
storage_bags,-10,30,-87,-100,27
clipboard,-74,41,-92,100,-53
hairspray,-17,12,93,100,83
resort,38,-89,-65,7,100
pastry_brush,49,-67,-31,100,2
measuring_cups,100,97,76,34,45
first_aid_kit,-34,-81,96,-100,-49
walker,24,100,-62,-54,75
window_covering,-38,-22,-31,-100,98
paint_brush,40,-100,-82,-74,-27
hand_soap,100,-92,-70,-48,3
mouse_pad,99,10,100,10,-17
trunk_organizer,100,22,-7,3,-39
tent,-16,-100,-69,62,-86
snack,-65,-75,-30,-100,-31
cocktail_shaker,27,43,89,-100,35
smart_light_switch,-90,-47,22,100,50
cologne,100,-99,-38,-4,-96
snorkel,-100,-30,13,-81,-96
tights,-36,49,14,100,21
lawnmower,91,17,-4,-20,-100
trekking_poles,-91,33,75,-100,-66
toolbox,-52,-56,100,-74,-58
obd_scanner,-3,100,-46,30,-100
baby_lotion,-16,100,-66,-34,36
brochure,37,43,61,99,-100
drawing_tablet,-40,-28,6,18,100
heels,-22,-11,71,100,-55
elbow_pads,50,-55,52,-100,2
water_container,17,48,100,71,15
nightgown,-1,-100,11,13,50
loft,-75,20,-100,50,72
model_train_tracks,-15,46,39,-48,-100
raincoat,76,-42,-100,-17,98
lubricant,97,14,100,-70,-2
radar_detector,-100,-54,77,-90,31
swim_fins,2,99,100,-76,-48
ski_goggles,100,-35,-65,84,24
hand_warmers,-100,28,-38,-22,27
plate,-73,25,100,20,63
garment_bag,-44,-70,-100,98,-77
wax_paper,-51,66,100,50,-26
rv_generator,71,-13,75,-100,50
briefcase,-100,-28,-14,-79,-13
potty_chair,74,-97,-64,100,-11
swim_goggles,-27,100,67,-79,24
suv,-73,63,13,69,-100
lizard,100,-63,82,-14,91
floor_cushion,-89,-100,-7,96,-8
ice_melt,2,-87,11,-19,100
concealer,51,-5,-74,-75,100
streaming_device,36,-88,100,-91,-15
baseball,84,-89,-89,-100,-78
steak,-26,-37,-45,-100,-3
suite,-23,100,-82,34,-78
whiteboard_eraser,78,-100,-3,-17,-13
face_serum,8,8,-41,72,100
avocado_slicer,26,61,100,-81,41
baby_wipes,-13,-6,-38,13,-100
linseed_oil,-86,-100,32,-85,94
smart_speaker,92,59,-39,100,-35
foot_file,-48,33,56,-32,100
spoon,100,-60,-78,-29,56
leg_warmers,37,-71,-24,87,100
baby_onesie,24,65,78,-64,-100
mop,53,-55,100,-98,-31
camper,76,-100,-23,-85,8
smoker,48,100,52,-73,-13
meat_tenderizer,9,29,42,100,93
motherboard,-62,-73,100,-72,100
cap,-100,22,-97,-96,-44
easel_pad,81,56,-50,-100,-39
cooling_rack,-77,-63,-1,-3,100
plunger,-100,8,16,-87,-34
excursion,-83,90,-35,-100,-6
log_splitter,7,95,54,-72,100
lantern,-100,40,-93,65,-63
poncho,76,80,70,-100,-26
fanny_pack,-80,44,100,5,31
led_mask,47,-100,-36,-42,70
usb_c_hub,-20,-30,11,-68,-100
arm_warmers,-55,-100,35,-9,24
wine_rack,14,-91,64,65,-100
magazine,-19,79,-24,100,54
digital_photo_frame,35,90,62,19,-100
wood_stain,-24,100,12,45,-80
nursing_pads,97,-72,40,-18,-100
leather_needles,-100,-77,-44,-6,-98
needle_felting_kit,-90,62,100,-14,-6
desk,23,-91,9,39,100
oil_diffuser_necklace,35,11,-22,100,6
vacation,-5,54,-14,-100,21
tongue_scraper,90,-32,-99,-97,100
facial_steamer,-94,37,-100,3,100
chisel_set,-100,-73,42,28,23
horseshoes_set,-24,-100,21,-49,26
wrench,-13,-47,100,-36,95
murphy_bed,-7,10,-71,-100,63
microdermabrasion,-14,27,-100,3,50
meat_injector,100,64,-33,71,37
pasta,-5,30,-44,-100,-81
candle,100,83,69,-51,72
restaurant,58,8,-40,-79,100
kombucha_kit,100,70,-11,46,82
shoes,9,-79,100,8,57
corkscrew,25,-89,-8,-100,-48
dinner,100,41,14,-84,40
arcade_cabinet,25,32,44,100,-12
ladle,36,10,29,57,-100
car_polish,-97,-84,-100,12,-43
ice_pack,69,-82,-85,89,-100
moisturizer,-40,52,17,-64,-100
padded_envelope,18,-58,82,-54,100
water_park,-100,23,-46,-5,-13
string_lights,66,-68,57,-100,29
chair_cushions,93,-20,100,-42,-42
broker,84,100,59,-55,90
internship,-37,100,-48,-77,-66
card_shuffler,40,100,4,-82,39
bait,80,57,-100,-38,56
fork,41,100,80,60,38
tweezers,-26,-100,58,-9,78
lawyer,-95,92,38,100,52
foosball_table,-16,4,-100,-64,19
fifth_wheel,-82,-36,36,24,100
tripod,-26,21,-31,100,49
siphon,100,-81,-84,-47,26
stand_mixer,46,-100,-77,32,-79
sedan,84,-100,72,-88,54
aluminum_foil,59,93,85,-100,34
chemex,100,66,-11,61,-53
rubber_stamps,64,-20,100,-100,18
sketchbook,-79,57,100,-2,73
bassinet,-57,-100,64,-19,-88
tackle_box,42,96,-100,27,-37
pc_case,-100,-93,-99,-42,-42
tie,11,34,98,100,-92
reading_glasses,26,77,-51,21,100
snowmobile,27,41,-38,100,67
atv,-36,-40,-100,-4,75
glue_stick,81,-100,-73,-96,-68
spade,-72,-81,13,100,86
wrist_rest,26,-40,89,-63,-100
pie_dish,-98,100,69,-65,-97
foundation,33,3,71,-13,-100
dish_gloves,-100,-63,5,50,13
citronella_candle,-100,92,-9,8,-63
stock,-63,-70,26,100,-58
dutch_oven,-31,-43,-96,-100,57
hdmi_splitter,100,-96,-89,-10,-41
pour_over_dripper,-62,91,-76,-75,100
lipstick,26,39,35,-99,100
airport,-100,-58,-5,72,95
comforter,-100,-74,-99,-74,84
baby_formula,-84,8,-62,-100,-45
creamer_pitcher,-64,11,100,8,9
apple_corer,-55,-80,-5,-26,100
flight,-61,-100,-95,-39,-59
resistance_band,-27,100,60,25,87
breast_pump,87,-100,43,-85,-21
watercolor_paints,-24,-50,-100,-67,45
floor_steamer,96,86,-100,15,-65
body_wash,5,8,-82,-100,-5
polyurethane,-92,70,80,-100,62
nametag,74,-100,19,-5,-71
plein_air_easel,68,14,66,93,100
weed_trimmer,37,85,-100,-37,-6
tie_dye_kit,4,-38,91,24,100
waffle_maker,-12,90,-29,100,13
kitchen_island,-31,31,-100,47,25
pellets,69,-97,-18,20,-100
menstrual_cup,59,90,28,59,100
bowl,-12,3,100,46,-58
cutting_mat,24,72,93,-100,-90
bacon,82,94,100,-5,-51
yoga_pants,97,-52,-45,-100,-87
major,38,49,-85,73,-100
airline,-42,44,90,-15,100
motorcycle,-8,49,100,19,19
tablet_stand,90,-97,-100,-96,-39
fashion_ring,8,24,38,-100,77
kettle,-56,100,-33,74,45
clogs,-97,2,-22,100,-54
burger,-21,-66,-100,8,24
beach,-77,77,-64,100,40
headboard,100,-13,72,22,46
nursing_pillow,-21,3,-54,-38,100
ram,-100,79,59,-80,-16
dash_cam,100,3,2,1,-98
packing_cubes,100,51,-44,-31,42
trifle_bowl,100,14,-58,-38,12
salt_shaker,80,42,-57,-100,33
sd_card,-48,76,-68,100,61
all_season_tires,-51,-100,66,-80,-72
antihistamine,-29,-81,-100,12,38
thermometer,64,-99,-100,-6,54
ergonomic_mouse,-73,24,-98,100,94
rowing_machine,100,-25,-96,73,-13
coffee_tamper,-66,-32,92,100,-28
duct_tape,-50,-75,-96,99,100
seat_cover,-91,20,100,16,99
binder_planner,-92,57,89,-100,-77
gelato,100,-60,26,92,47
headlight,75,-56,97,-100,-28
performance_tires,-2,44,-100,-91,-28
ski_helmet,-84,100,-14,22,-18
heated_gloves,84,100,94,-98,26
embroidery_needles,66,100,13,-7,-78
scholarship,-100,-97,-45,45,-20
jeans,9,-48,100,89,-50
generator,-29,-100,-27,-66,57
peeler,-40,39,-100,44,29
necklace,-52,67,90,100,48
fixative_spray,-16,22,68,-48,100
chicken,64,43,58,-100,70
masking_tape,-23,79,64,-32,100
smart_display,72,100,-98,84,56
water_bottle,21,57,-33,-21,-100
lift_chair,100,72,4,26,76
pastels,-70,15,47,17,100
toaster,-55,41,63,-25,100
uv_resin_light,-18,-73,-68,-22,100
smart_bulb,100,96,39,1,34
guacamole,23,100,-24,-24,50
pet_treats,89,70,-100,39,-68
punch_bowl,-46,-50,-100,-77,35
nutcracker,66,-88,100,-8,63
bathroom_scale,-99,-91,68,-87,-100
patio_umbrella,35,-100,-19,69,-85
stroller,72,86,100,24,68
ladder_toss,-91,20,100,97,-87
perfume,100,-31,4,90,51
sled,-39,79,96,69,-100
snow_shovel,-100,16,-83,-85,77
car_emergency_kit,-100,-48,-43,96,99
chalk_markers,61,-9,-83,100,-60
wood_lathe,32,63,2,88,100
cargo_trailer,-33,52,-100,-17,42
tablet,-53,-30,61,-68,100
diving_mask,-100,-77,32,-75,95
ice_bucket,-38,-100,45,-19,33
dry_suit,-87,-100,-46,3,-67
sailboat,-79,91,-69,-41,100
duffel_bag,100,55,-72,53,-82
outdoor_plant,84,-63,-78,-21,-100
boat_trailer,49,95,49,88,-100
figure_skates,-67,100,-51,73,20
sunglasses,-83,-66,100,95,23
coffee_grinder,-100,-100,90,62,41
bread_box,-56,96,-100,44,44
disinfectant,-28,68,-67,100,94
hot_dog,-55,-58,100,-53,30
sudoku_book,43,100,57,-50,-33
whiteboard_markers,-100,72,81,-65,-7
bra,-33,-46,-100,20,96
scrapbook,-95,73,78,10,100
mini_paint,-18,28,-100,-80,20
nail_clipper,79,-6,100,-1,-21
pitchfork,67,100,95,38,-68
pain_reliever,-41,12,-100,-43,62
tiered_cake_stand,-68,40,-53,-100,-45
packing_tape,-43,-53,-45,100,18
play_mat,-1,-79,-70,100,-55
mocha,-80,-26,39,100,76
coat,-1,-72,84,-100,18
baby_carrier,100,-39,5,-41,-18
felting_wool,-80,24,41,-76,-100
action_camera,-100,-56,-25,82,8
changing_pad,-97,-100,-12,-69,64
ladder,81,100,38,-96,96
leather_conditioner,-46,-73,-100,-24,99
compression_bag,45,39,-29,-16,100
robot_mop,100,-33,18,-3,-59
crutches,3,-100,72,-23,38
compost_bin,58,-54,92,100,-3
car_seat,-100,33,42,-66,65
sports_drink,-53,-58,-100,29,62
kitchen_faucet,44,-44,-45,-100,-73
mascara,-50,-59,-93,-21,-100
snow_boots,1,-100,-24,-81,-68
poster,46,-100,66,42,33
mouse,6,46,-58,-19,-100
egg_timer,-100,-17,24,94,68
shin_guards,-100,93,-23,-19,-76
charcoal_pencils,-100,-12,11,86,40
rideshare,-96,30,100,-79,-65
cufflinks,-51,100,-75,28,-29
sink_stopper,63,0,-78,100,10
backpack,-100,-59,-69,-37,-71
golf_clubs,60,45,-46,-100,56
antifungal_cream,-28,61,83,50,100
watch,-55,98,-26,100,33
bed_frame,-60,-62,100,-5,-97
scooter,18,-82,-100,-55,63
smart_home_hub,-59,73,-93,-33,-100
heater,46,28,70,77,100
shop_vac,-25,-44,35,-5,-100
underwear,-16,-26,93,-100,54
bath_mat,50,100,17,50,-91
doorbell,83,-100,24,-86,-60
notebook,46,-29,46,-69,-100
energy_drink,-42,2,85,100,-33
foam_roller,100,14,-71,1,41
butcher_block,53,-77,95,12,-100
razor,-48,75,-100,-42,40
parrot,-100,58,24,-62,83
debit_card,-100,-72,62,24,-66
blackhead_remover,-25,80,-75,-100,0
smartphone,-95,59,-82,-100,37
highlighter,93,10,95,100,51
travel_umbrella,18,-30,-100,7,-76
mouthguard,88,-88,75,100,79
face_respirator,100,13,-89,90,57
outdoor_rug,-78,-33,37,-64,100
trailer_hitch,100,-90,84,98,73
football,-11,47,-10,-37,-100
hockey_skates,-100,-8,-73,-98,36
reading_lamp,-53,81,-100,-66,-18
mousse,-65,77,-2,-100,-68
gas_grill,41,-39,-41,-59,-100
pillar_holder,65,-44,-65,-100,1
cookie_cutters,49,93,90,-100,-1
card_reader,-3,12,-17,100,22
wallet,-13,94,4,-100,26
super_glue,100,33,-65,73,-100
nasal_spray,95,-100,93,-88,-97
air_fryer,-58,1,45,3,-100
outdoor_heater,97,73,-29,-100,-20
basketball,97,95,-69,-64,100
phone_mount,-38,46,100,76,71
luggage_set,28,76,-66,100,-71
shovel,-77,55,100,53,25
pulse_oximeter,-100,7,-78,10,-22
boombox,-100,12,81,60,-100
pacifier,91,90,-30,100,-65
pet_food,-20,70,-84,-22,-100
3d_printer_enclosure,-71,-36,82,31,-100
crib,91,79,-59,-100,72
smoke_mask,94,-60,-36,-36,100
instant_pot,-93,-100,-66,-8,97
case_fan,-100,64,5,84,100
door,45,-51,84,-100,100
correction_tape,-23,-60,100,0,-30
thermal_paste,-77,-32,-100,7,-25
drawing_pad,-48,-100,-71,57,42
shower_liner,99,-82,100,91,-35
charcoal_grill,94,100,71,12,77
dry_erase_calendar,-75,-80,-78,42,100
thermos,-79,-94,100,98,-97
mirrorless_camera,-95,-45,-46,-100,-72
mahjong_set,77,-100,-10,50,49
sectional,-52,-100,-20,-38,-14
embossing_powder,-42,-5,96,-100,-55
bodyboard,71,0,58,-86,100
poker_table,-100,58,-51,43,61
safety_gate,52,100,-61,77,26
water_filter,-77,-69,-100,98,-41
punching_bag,-40,-100,80,15,-78
van,100,12,99,70,-23
coffeemaker,-36,99,-80,-100,90
fertility_monitor,38,85,22,100,-14
bidet,-100,38,-57,-25,-30
car_wax,-40,4,23,-100,92
paint_palette,-40,62,-40,-100,-45
cordless_vacuum,-89,-63,55,58,-100
gouache_paints,46,26,-76,18,-100
baby_swing,37,-54,20,100,47
protein_bar,13,16,-57,-7,-100
turtle,-2,100,1,52,86
guided_tour,13,-76,100,2,-15
pearl_earrings,-100,51,79,7,-72
taxi_service,66,-100,-49,-84,9
coupe,45,17,-100,-79,-84
apartment,2,100,34,78,-88
palette_knife,-100,9,-57,-35,49
life_jacket,-89,83,-19,21,-100
quilting_fabric,-95,37,-100,30,-41
chest_freezer,-44,100,80,-42,-25
pumps,-45,-84,100,33,47
dumbbell,-18,-70,32,-62,100
toilet_paper,95,100,-61,-44,77
water_test_kit,-12,20,74,-100,-13
dress_form,-89,-100,100,47,26
epoxy_resin,-60,-41,85,100,29
table,100,-25,81,54,-66
glue_gun,87,-100,-48,-1,90
ottoman,-38,-100,57,44,-97
extension_cord,43,-25,-18,100,75
cupcake_liners,100,42,-24,-26,-75
cappuccino,-100,3,-79,19,-67
pineapple_corer,1,94,-8,100,-47
destination,-100,57,-18,46,22
external_ssd,-13,-28,-57,100,-60
baby_dishware,-8,81,66,100,26
water_skis,-49,83,-98,100,-12
upright_freezer,46,100,5,81,86
pitcher,2,100,-61,-83,51
promise_ring,69,-19,-100,-15,-58
printer_bed,-100,-78,24,-28,69
saw,-80,30,-66,-62,-100
pickup_truck,100,-90,70,78,22
gooseneck_kettle,40,45,-100,68,5
workbench,71,-88,-100,33,-44
skis,100,-40,-10,-32,12
bathrobe,-59,95,-47,87,100
kennel,-34,67,84,-99,100
gazebo,-25,-34,64,-70,-100
coffee_cart,97,-100,29,14,-17
lazy_susan,69,66,-100,25,75
uv_sanitizer,-23,-78,15,-100,-24
saline_solution,0,-87,26,100,-9
hummus,9,-63,-100,-6,-51
nail_polish,33,-100,-12,4,71
screen_printing_kit,-100,87,-77,93,70
bath_seat,92,100,-98,-32,22
pamphlet,-46,43,100,-80,-49
cotton_pads,89,-41,-100,59,-49
macrame_cord,19,-100,15,72,-13
recycle_bin,-42,83,8,-8,-100
floss,36,66,-100,-38,30
glasses,-96,98,-100,-70,-12
minivan,-89,100,2,-27,27
soda_maker,100,18,59,73,-26
notary,-48,-83,36,-27,100
wall_sconce,-65,82,-17,-100,-32
pregnancy_test,37,50,-44,-80,-100
kitchen_garbage,23,45,100,-3,-42
knitting_needles,69,31,52,-100,74
baking_sheet,-21,34,-85,-100,-94
button_maker,-97,-94,82,11,-100
nasal_aspirator,100,-14,36,33,-29
drill,70,100,-19,-31,-17
face_shield,68,0,-81,-100,33
eyeshadow,-81,62,23,-67,-100
latte,35,-71,100,3,-36
wok,100,39,52,95,-16
tennis_ball,-93,-69,100,25,-97
gaming_mouse,-82,-92,-57,36,100
sheet_mask,17,0,100,-87,94
rowboat,44,-81,82,-100,28
dishwasher,-9,-90,100,-70,-31
iron,34,-57,-100,-49,-30
fire_blanket,73,11,100,-85,77
deep_fryer,100,99,-41,-82,54
neck_pillow,-13,30,-87,100,-23
sculpting_tools,95,-100,-42,-6,-27
tuna,-61,100,10,91,4
heat_gun,79,39,-100,55,68
vegetable_plant,46,-2,-96,70,100
laser_pointer,-95,-100,-15,52,-11
roof_rack,84,100,25,31,38
pliers,-31,-72,100,-59,80
brace,5,62,75,100,88
guesthouse,-47,91,100,38,-82
powerbank,100,62,-24,-41,65
epoxy,33,-26,83,100,36
brush_pen,100,29,-59,90,60
saucepan,87,-35,100,44,57
punch_needle_kit,73,-10,72,83,100
loom,23,-100,-59,-69,-82
air_compressor,-25,18,100,-85,93
outdoor_storage_bench,14,92,100,-45,62
earbuds,50,-35,87,78,-100
electric_car,78,-25,100,-97,75
trimmer,3,-67,-2,100,-21
earrings,-12,100,89,-73,3
chocolate_fountain,-26,-79,-77,-100,-86
lotion,-19,-61,55,-100,-64
bar_cart,96,15,-65,66,-100
flash,-47,-87,-21,-8,100
diaper_type,-1,87,100,-99,-86
ups,100,-66,-12,50,-23
trackball_mouse,77,-100,-50,-93,-51
toilet_seat,100,-97,9,-58,50
projector,-73,53,4,100,-91
jump_rope,6,97,5,-18,100
hair_tie,100,86,-29,-52,-66
chainsaw,100,-89,-77,28,81
bird,100,23,75,-28,3
scale,59,-72,45,-17,-100
bunk_bed,-48,80,100,62,75
fertilizer,-68,-100,-53,-32,-92
calligraphy_pen,100,52,-90,-95,-6
blouse,71,100,-38,40,54
incense_holder,-56,83,-42,-100,-96
laptop_stand,39,-7,92,100,-71
futon,57,37,13,100,-67
toddler_bed,-22,-25,-65,33,100
bbq_grill,-5,-100,-57,52,-10
motorized_blinds,-100,-54,7,-39,-65
under_sink_organizer,-31,-100,99,-46,-8
clock,5,-12,100,-82,-1
pen,-78,-100,47,-38,55
hammer,-3,-98,-89,-100,16
garbage_disposal,-26,-57,-55,-19,100
hair_clip,100,83,63,-97,-33
protective_goggles,82,-76,58,-100,80
towel,-52,-52,100,-84,86
elliptical,-46,-50,-80,-100,-27
microphone,-11,-38,-100,79,69
oil_paints,36,-100,-96,-4,-90
av_receiver,-75,-96,92,58,-100
white_out,100,23,65,38,-8
smartwatch,-7,-16,-98,100,-35
stamping_ink,-100,-89,-26,48,0
baby_bottle,-39,94,-100,-54,89
kettlebell,-7,-8,-100,23,54
resin_molds,86,-99,18,81,100
tape_dispenser,-100,-87,100,-29,-19
juice,66,-80,-100,17,33
spread,100,-92,33,-86,19
bluetooth_adapter,44,-26,-33,-27,100
power_station,100,-14,70,-18,-17
rc_plane,34,30,-12,-6,100
dessert,-35,27,-75,100,-96
compass,57,-67,32,-100,-35
latch_hook_kit,-95,-16,25,-100,10
paper_plates,-21,79,-22,-100,-55
bandana,100,-4,-29,-50,-56
surge_protector,-100,18,-100,-99,-98
desktop,-56,84,-64,-100,96
jacket,-2,100,61,-6,-15
bug_zapper,-100,-16,-52,-24,72
freezer,27,100,61,80,-88
lip_balm,4,100,86,99,-22
espresso_machine,-100,6,18,71,-36
train_set,81,77,51,50,100
massage_chair,-100,-37,-14,-19,43
instant_film,-13,-26,-100,-96,-3
coffee_syrup,-37,-56,-100,-88,-67
ear_thermometer,-6,-63,-10,57,-100
gel_pens,26,52,82,100,-63
hockey_stick,-100,33,10,89,21
coffee_table,66,-100,-6,-62,-65
diffuser,-96,100,-24,67,61
magnifying_glass,71,-45,62,-10,100
swim_trunks,40,88,100,-31,-32
peanut_butter,-100,67,24,-68,25
cane,90,87,100,-33,-51
essential_oils,-100,-72,-49,26,-99
subwoofer,100,35,83,-50,5
ring_box,98,-92,-100,-83,-70
cupboard,-69,-100,-73,-13,-38
canvas_board,-11,0,44,17,100
desk_calendar,100,90,5,-58,-11
checkers,-2,3,100,39,99
champagne_flute,-70,28,-47,-97,-100
hybrid_car,-27,-67,-37,-97,-100
neti_pot,-61,54,-4,53,100
outdoor_pool_table,0,29,-100,-49,83
booster_seat,80,-100,-86,-11,-15
pencil,28,89,-61,-98,-100
mortgage,-50,-34,-100,88,-37
pantry,-65,-56,100,34,81
hot_water_bottle,-100,-89,-25,-10,-97
filter,-71,-98,-100,-81,-60
milk_frother,-40,20,100,15,-4
gate,-29,-100,41,-12,41
bartending_tools,-30,-82,-48,-100,-66
laundry_detergent,100,-67,22,94,-22
eyeliner,-42,-92,-86,100,-7
toothbrush,-38,-100,46,-80,0
organizer,71,84,100,-68,-96
hvac_filter,-100,-48,-42,-80,-99
resin_pigments,-21,-19,-89,78,-100
mirror,-94,-96,-90,100,14
planner_inserts,22,50,-87,100,5
dog_collar,85,-100,-9,90,-61
socks,15,100,8,6,53
school,89,-50,100,51,-23
shower_head,-100,-73,-28,63,-29
longboard,-100,-94,98,-94,90
fountain_pen,100,27,39,85,81
plastic_cutlery,50,60,100,-61,-21
brake_pads,51,37,-20,100,-91
grant,-63,-72,-33,89,100
leather_punch,63,-18,100,-39,9
carry_on,52,-36,50,100,-36
fence,64,-100,95,-7,-33
donut,100,-89,3,99,-27
off_road_vehicle,-53,-10,37,-53,100
planter,100,68,7,-18,-63
led_kit,-30,-7,-35,4,-100
colored_pencils,76,65,72,-100,-57
tiki_torch,-60,14,100,-31,72
barbell,-100,37,-24,-32,35
baby_bathtub,79,100,-21,2,-10
comic_boxes,-100,13,54,94,-64
burp_cloth,19,99,-100,-74,-28
home_roaster,39,75,-45,23,100
leather_stamping_kit,100,72,-19,44,-4
egg_holder,3,-29,100,51,9
drain_cleaner,-100,-38,77,-87,82
wedding_ring,-13,-92,-6,65,-100
jack_stands,-3,92,-31,-100,52
miniatures,11,-97,100,90,9
earplugs,90,25,-100,95,36
food_storage,-73,-100,53,-25,-77
bosu_ball,52,17,100,31,-15
nightstand,-35,100,92,-89,100
vase,92,-88,100,53,45
cheese,100,-53,85,18,-33
herbal_tea,100,-90,19,73,-93
facial_cleanser,100,7,15,-53,74
leash,-100,-4,-37,13,-82
comic_sleeves,9,-100,26,18,-73
cheese_grater,-37,-12,68,100,19
boots,58,-26,82,91,100
makeup_remover,28,-100,-68,-67,26
skates,-32,-14,56,-86,-100
conditioner,-62,34,-61,100,7
eye_drops,11,2,-100,31,20
ironing_board,54,-43,100,-20,69
nail_buffer,-100,16,86,-64,-100
spice_grinder,-100,-28,67,-58,33
powder,77,-65,100,22,-22
milkshake,-36,-98,100,95,-87
pet_bed,-100,-80,-24,-32,99
beading_needles,57,-72,85,100,100
simple_syrup,0,29,82,-64,100
calendar,-82,-58,-100,79,90
rain_boots,-55,-57,100,62,-47
cupcake_stand,71,46,-16,100,54
hi_vis_vest,-53,100,-34,69,-2
crackers,-30,-100,5,10,-62
wax_warmer,-100,15,-29,16,98
spice_rack,100,3,23,-94,-69
daybed,-38,16,-100,9,85
cold_medicine,61,100,29,71,40
class,-100,34,45,-52,75
bullet_journal,-35,94,100,-21,78
catalog,-61,-75,86,-100,44
tile,52,-2,-52,-100,-23
smart_curtain_rod,-33,-12,-100,-73,-91
router,-95,-44,100,100,11
bike_rack,100,63,46,-27,98
lingerie,-46,-68,-100,-39,90
cruise,-100,60,65,39,35
pajamas,-100,-41,-98,0,-15
spatula,-21,100,-17,76,-38
to_go_container,-72,-28,-24,3,-100
vacuum_sealer,29,100,-83,67,-26
kimono,-83,58,100,48,64
electric_toothbrush,82,77,-8,-4,-100
mandoline,56,89,100,99,-9
hiking_backpack,58,-27,80,-71,-100
moka_pot,-94,-68,-100,-1,76
headphones,6,85,-70,-100,-39
callus_remover,41,-66,-100,-44,83
car_mat,-65,-100,-61,3,90
landmark,46,100,-14,-79,-84
golf_umbrella,-100,24,-38,-32,-26
colander,-100,-23,-75,-76,87
tow_strap,-68,41,-8,-33,100
marker,4,100,-67,10,-61
mosquito_net,67,-98,-58,100,8
monitor,-8,-35,100,99,-2
chaise_lounge,-3,-100,-20,-85,17
swimsuit,-33,100,46,81,53
flower_seeds,-61,-4,-38,-13,-100
foot_soak,77,100,95,-74,-96
table_lamp,-6,77,24,31,-100
flashlight,-100,93,-5,-9,-7
earmuffs,-18,-24,-100,-54,-68
pottery_wheel,-97,-17,40,100,63
canoe,82,-54,36,-100,-52
dress_shoes,-39,18,100,-96,-62
incense,-7,45,69,-56,-100
camcorder,100,-90,-17,-57,-83
spiralizer,49,1,-31,-39,100
quilt,82,-100,76,-75,-60
pillow,-4,25,10,-81,100
popcorn_maker,52,23,95,100,18
steering_wheel_cover,-14,30,51,-100,42
camp_shower,-5,22,-81,-100,8
mortar_pestle,-42,65,100,15,90
whiteboard,-52,-32,-36,-29,-100
tutor,-15,-1,100,-27,-52
pants,100,55,-94,-52,-45
ergonomic_keyboard,65,-49,100,49,87
3d_resin,85,42,7,100,-73
skateboard,26,8,-78,20,-100
lunchbox,34,-77,48,28,100
fondue_pot,48,75,38,100,60
board_game,100,83,57,-97,-91
scarf,57,81,-63,68,-100
inhaler,-18,-63,100,-96,-31
led_strip,85,25,87,6,-100
membrane_keyboard,-37,27,-7,100,12
pool_float,-32,49,-60,-75,-100
trash_bag,-22,100,-28,74,-20
butter,-17,100,45,-40,-85
pantyhose,100,-45,66,93,-31
deck_box,-33,-100,60,-88,35
salad_bowl,-100,-77,50,-51,-99
antiseptic,-77,-54,100,-60,-71
fish,-100,-42,-63,31,-13
leggings,16,50,27,-100,-77
sleeping_pad,40,3,-72,100,26
charger,6,3,100,51,56
dice_tray,48,15,-9,20,100
outdoor_tv,17,-100,-51,71,-67
screen_tent,-76,-82,65,65,100
sketch_pens,41,100,-82,44,-4
heat_tool,41,87,-74,100,28
frame,-84,-12,38,100,67
fabric_softener,35,68,-63,100,-82
teething_toy,25,-100,83,-96,77
rc_helicopter,99,10,-100,88,23
split_keyboard,39,-52,-100,0,57
fabric_shaver,-66,55,23,-100,-86
muscle_rub,9,93,-100,81,33
soundbar,7,-8,14,99,-100
baby_monitor,-33,-96,-100,-74,17
television,17,-69,38,100,-3
travel_package,-37,87,100,-2,-97
phone_magnifier,88,10,-78,100,-97
coffee_scale,-50,100,30,18,9
bandage,30,32,-23,100,-24
trivet,100,11,31,-69,-81
sunscreen,69,67,100,-95,76
espresso,49,-2,100,72,52
scaffolding,48,37,100,17,-14
modem,-60,9,-100,41,-58
toboggan,44,64,-39,100,-28
cable,-78,100,-37,-20,-89
oil_dispenser,17,100,-14,-22,15
coffee_beans,74,32,70,-100,95
cornhole_set,100,-97,29,-90,-12
comb,-48,100,-54,95,62
apron,100,49,27,-62,-65
dehumidifier,-33,81,62,-65,-100
cough_syrup,40,62,25,-100,28
kamado,28,17,-100,0,-20
oven_mitt,10,-82,100,-37,46
salad_spinner,-30,-68,-100,-12,-96
patio_furniture,54,100,-50,3,-40
melon_baller,-100,22,38,-24,-14
can_opener,1,-21,-10,-100,98
changing_table,66,18,-100,-87,-27
noodles,-94,-57,86,-100,-38
chocolate,-25,40,100,56,33
straightener,59,-42,-100,73,-48
lock,-100,36,8,-88,-20
battery,-86,60,90,100,-8
